Workbook

Sheet Summary
B2: Castiel — fine-tune evaluation results
B3: QLoRA fine-tune of Qwen2.5-Coder-7B-Instruct on curated agent coding-session transcripts
B5: Eval date | C5: 2026-08-15
B6: Held-out tasks | C6: 35 (validation split, never trained on)
B7: Decoding | C7: temperature 0, fixed seed, identical prompts for every model
B8: Hardware | C8: single RTX 3060 12 GB (training and inference)
B9: Task type | C9: fill-in-the-missing-section over a private codebase; instruction: “Output only the missing code”
B11: Headline results
B12: model | C12: variant | D12: mean similarity | E12: exact match | F12: clean output | G12: avg latency (s) | H12: chars/sec | I12: n
B13: qwen2.5-coder:7b | C13: base | D13: =AVERAGEIF('Per-task results'!$A:$A,$B13,'Per-task results'!$C:$C) -> 0.072651429 | E13: =AVERAGEIF('Per-task results'!$A:$A,$B13,'Per-task results'!$D:$D) -> 0 | F13: =AVERAGEIF('Per-task results'!$A:$A,$B13,'Per-task results'!$E:$E) -> 0.37142857 | G13: =AVERAGEIF('Per-task results'!$A:$A,$B13,'Per-task results'!$F:$F) -> 5.6342857 | H13: =SUMIF('Per-task results'!$A:$A,$B13,'Per-task results'!$G:$G)/SUMIF('Per-task results'!$A:$A,$B13,'Per-task results'!$F:$F) -> 235 | I13: =COUNTIF('Per-task results'!$A:$A,$B13) -> 35
B14: castiel-tuned | C14: base + runtime LoRA | D14: =AVERAGEIF('Per-task results'!$A:$A,$B14,'Per-task results'!$C:$C) -> 0.12640857 | E14: =AVERAGEIF('Per-task results'!$A:$A,$B14,'Per-task results'!$D:$D) -> 0 | F14: =AVERAGEIF('Per-task results'!$A:$A,$B14,'Per-task results'!$E:$E) -> 1 | G14: =AVERAGEIF('Per-task results'!$A:$A,$B14,'Per-task results'!$F:$F) -> 12.511429 | H14: =SUMIF('Per-task results'!$A:$A,$B14,'Per-task results'!$G:$G)/SUMIF('Per-task results'!$A:$A,$B14,'Per-task results'!$F:$F) -> 185.90774 | I14: =COUNTIF('Per-task results'!$A:$A,$B14) -> 35
B15: castiel-merged | C15: LoRA merged, fresh q4_K_M | D15: =AVERAGEIF('Per-task results'!$A:$A,$B15,'Per-task results'!$C:$C) -> 0.11051429 | E15: =AVERAGEIF('Per-task results'!$A:$A,$B15,'Per-task results'!$D:$D) -> 0 | F15: =AVERAGEIF('Per-task results'!$A:$A,$B15,'Per-task results'!$E:$E) -> 1 | G15: =AVERAGEIF('Per-task results'!$A:$A,$B15,'Per-task results'!$F:$F) -> 10.14 | H15: =SUMIF('Per-task results'!$A:$A,$B15,'Per-task results'!$G:$G)/SUMIF('Per-task results'!$A:$A,$B15,'Per-task results'!$F:$F) -> 228.949 | I15: =COUNTIF('Per-task results'!$A:$A,$B15) -> 35
B17: Findings
C18: Gains are behavioral, not memorization: instruction adherence rose 37% → 100% and similarity to house style +73% relative; exact match is 0% for ALL models — a nonzero score would indicate data leakage, not skill.
C19: The runtime LoRA adapter costs ~20% per token vs the plain base. Context allocation (num_ctx 16384 vs 8192) was tested separately: byte-identical outputs at identical speed.
C20: Merging the adapter (PEFT fp16 → GGUF → q4_K_M) recovers nearly all speed but re-quantization costs fidelity: the merged model keeps ~72% of the fine-tune's style improvement.
B21: Decision
C22: Production stays on the runtime-adapter build: full style fidelity beats ~2.4 s per completion for an agent doing real coding work. The merged build is kept for A/B testing.
B23: Data notes
C24: This workbook contains per-task metrics only. Raw completions and reference code are excluded deliberately — they contain private codebase content. Metric definitions and reproduction steps: see the Methodology sheet.

Sheet Per-task results
A1: model | B1: task_id | C1: similarity | D1: exact_match | E1: clean_output | F1: latency_s | G1: out_chars | H1: ref_chars | I1: chars_per_sec
A2: qwen2.5-coder:7b | B2: 3 | C2: 0.1414 | D2: 0 | E2: 0 | F2: 5.2 | G2: 278 | H2: 523 | I2: =G2/F2 -> 53.461538
A3: qwen2.5-coder:7b | B3: 25 | C3: 0.0147 | D3: 0 | E3: 1 | F3: 8.3 | G3: 2443 | H3: 8996 | I3: =G3/F3 -> 294.33735
A4: qwen2.5-coder:7b | B4: 9 | C4: 0.0796 | D4: 0 | E4: 1 | F4: 5.5 | G4: 1523 | H4: 3599 | I4: =G4/F4 -> 276.90909
A5: qwen2.5-coder:7b | B5: 31 | C5: 0.0633 | D5: 0 | E5: 0 | F5: 7.3 | G5: 1465 | H5: 11164 | I5: =G5/F5 -> 200.68493
A6: qwen2.5-coder:7b | B6: 5 | C6: 0.0078 | D6: 0 | E6: 1 | F6: 8.5 | G6: 2590 | H6: 9554 | I6: =G6/F6 -> 304.70588
A7: qwen2.5-coder:7b | B7: 27 | C7: 0.1061 | D7: 0 | E7: 0 | F7: 6.8 | G7: 1489 | H7: 4321 | I7: =G7/F7 -> 218.97059
A8: qwen2.5-coder:7b | B8: 11 | C8: 0.0859 | D8: 0 | E8: 0 | F8: 2.5 | G8: 436 | H8: 3635 | I8: =G8/F8 -> 174.4
A9: qwen2.5-coder:7b | B9: 1 | C9: 0.0645 | D9: 0 | E9: 0 | F9: 2.5 | G9: 323 | H9: 1435 | I9: =G9/F9 -> 129.2
A10: qwen2.5-coder:7b | B10: 16 | C10: 0.0109 | D10: 0 | E10: 1 | F10: 6.7 | G10: 1848 | H10: 22576 | I10: =G10/F10 -> 275.8209
A11: qwen2.5-coder:7b | B11: 7 | C11: 0.0339 | D11: 0 | E11: 1 | F11: 7.2 | G11: 1893 | H11: 3315 | I11: =G11/F11 -> 262.91667
A12: qwen2.5-coder:7b | B12: 12 | C12: 0.0289 | D12: 0 | E12: 1 | F12: 10.2 | G12: 2804 | H12: 1013 | I12: =G12/F12 -> 274.90196
A13: qwen2.5-coder:7b | B13: 34 | C13: 0.1726 | D13: 0 | E13: 0 | F13: 12.1 | G13: 3216 | H13: 6449 | I13: =G13/F13 -> 265.78512
... A106: castiel-merged | B106: 35 | C106: 0.2074 | D106: 0 | E106: 1 | F106: 12.8 | G106: 2966 | H106: 2234 | I106: =G106/F106 -> 231.71875

Sheet Methodology
B2: Methodology
B4: Setup
B5: Base model | C5: Qwen/Qwen2.5-Coder-7B-Instruct, q4_K_M via Ollama
B6: Fine-tune | C6: QLoRA rank 8, alpha 16, max seq len 1024, ~2 epochs, completion-only loss; trained on a single RTX 3060 12 GB
B7: Training data | C7: instruction/input/output triples generated from real agent coding sessions over the author's codebase; validation split held out before training
B8: Eval protocol
B9: Tasks | C9: 35 eligible rows of the held-out validation split (prompt ≤ 12,000 chars, non-empty reference)
B10: Prompting | C10: identical to training: fixed system prompt + instruction + input, via Ollama /api/chat
B11: Decoding | C11: temperature 0, seed 42, num_predict 700; models run sequentially (all tasks per model) to avoid GPU model-swap thrash
B12: Metrics
B13: similarity | C13: difflib.SequenceMatcher ratio on whitespace-normalized text, fenced blocks unwrapped before scoring (the fence is penalized separately, the code judged on its own)
B14: exact_match | C14: 1 if normalized output equals normalized reference
B15: clean_output | C15: 1 if no markdown fences and no prose preamble — every task instructs “Output only the missing code”, so this measures instruction adherence
B16: latency_s | C16: wall-clock seconds per completion; chars_per_sec = out_chars / latency_s
B17: Reproduce
B18: Harness | C18: eval/eval_harness.py — pure Python stdlib; python eval_harness.py --n 35 [--models ...]
B19: Caveats | C19: n=35 is small; similarity is a harsh proxy (nobody reproduces bespoke code verbatim); latency measured on consumer hardware with models resident in VRAM
